{
  "lang":"en",
  "name":"pipeline",
  "version":"0.0.0",
  "spacy_version":">=3.8.4,<3.9.0",
  "description":"",
  "author":"",
  "email":"",
  "url":"",
  "license":"",
  "spacy_git_version":"85cc763",
  "vectors":{
    "width":0,
    "vectors":0,
    "keys":0,
    "name":null,
    "mode":"default"
  },
  "labels":{
    "tok2vec":[

    ],
    "ner":[
      "ENV_PROCESS",
      "HABITAT",
      "MEASUREMENT",
      "POLLUTANT",
      "TAXONOMY"
    ]
  },
  "pipeline":[
    "tok2vec",
    "ner"
  ],
  "components":[
    "tok2vec",
    "ner"
  ],
  "disabled":[

  ],
  "performance":{
    "ents_f":0.9852093894,
    "ents_p":0.9877935518,
    "ents_r":0.9826387126,
    "ents_per_type":{
      "HABITAT":{
        "p":0.9888531372,
        "r":0.9878031281,
        "f":0.9883278538
      },
      "MEASUREMENT":{
        "p":0.9866741742,
        "r":0.9840883564,
        "f":0.9853795689
      },
      "ENV_PROCESS":{
        "p":0.9947749389,
        "r":0.9947749389,
        "f":0.9947749389
      },
      "POLLUTANT":{
        "p":0.9859436318,
        "r":0.9957483606,
        "f":0.990821741
      },
      "TAXONOMY":{
        "p":0.9812355784,
        "r":0.9562155282,
        "f":0.9685640001
      }
    },
    "tok2vec_loss":3171.8274890072,
    "ner_loss":494.7662353516
  }
}