{
  "lang":"en",
  "name":"pipeline",
  "version":"0.0.0",
  "spacy_version":">=3.8.2,<3.9.0",
  "description":"",
  "author":"",
  "email":"",
  "url":"",
  "license":"",
  "spacy_git_version":"63f1b53",
  "vectors":{
    "width":0,
    "vectors":0,
    "keys":0,
    "name":null,
    "mode":"default"
  },
  "labels":{
    "tok2vec":[

    ],
    "ner":[
      "ENV_PROCESS",
      "HABITAT",
      "MEASUREMENT",
      "POLLUTANT",
      "TAXONOMY"
    ]
  },
  "pipeline":[
    "tok2vec",
    "ner"
  ],
  "components":[
    "tok2vec",
    "ner"
  ],
  "disabled":[

  ],
  "performance":{
    "ents_f":0.983813868,
    "ents_p":0.9856928481,
    "ents_r":0.9819420378,
    "ents_per_type":{
      "ENV_PROCESS":{
        "p":0.9944007371,
        "r":0.9953884356,
        "f":0.9948943412
      },
      "POLLUTANT":{
        "p":0.9880786303,
        "r":0.990591227,
        "f":0.9893333333
      },
      "TAXONOMY":{
        "p":0.9733406473,
        "r":0.9586687557,
        "f":0.9659489915
      },
      "HABITAT":{
        "p":0.9911886458,
        "r":0.9915991244,
        "f":0.9913938426
      },
      "MEASUREMENT":{
        "p":0.9794429708,
        "r":0.9886211513,
        "f":0.9840106596
      }
    },
    "tok2vec_loss":96100.5480979062,
    "ner_loss":386.7973327637
  }
}