{
  "lang":"en",
  "name":"pipeline",
  "version":"0.0.0",
  "spacy_version":">=3.8.4,<3.9.0",
  "description":"",
  "author":"",
  "email":"",
  "url":"",
  "license":"",
  "spacy_git_version":"85cc763",
  "vectors":{
    "width":0,
    "vectors":0,
    "keys":0,
    "name":null,
    "mode":"default"
  },
  "labels":{
    "tok2vec":[

    ],
    "ner":[
      "ENV_PROCESS",
      "HABITAT",
      "MEASUREMENT",
      "POLLUTANT",
      "TAXONOMY"
    ]
  },
  "pipeline":[
    "tok2vec",
    "ner"
  ],
  "components":[
    "tok2vec",
    "ner"
  ],
  "disabled":[

  ],
  "performance":{
    "ents_f":0.9576824701,
    "ents_p":0.9618989764,
    "ents_r":0.9535027689,
    "ents_per_type":{
      "TAXONOMY":{
        "p":0.941804577,
        "r":0.8941868907,
        "f":0.9173782353
      },
      "POLLUTANT":{
        "p":0.9797590699,
        "r":0.9621707133,
        "f":0.9708852414
      },
      "HABITAT":{
        "p":0.9800880206,
        "r":0.9854475464,
        "f":0.9827604765
      },
      "ENV_PROCESS":{
        "p":0.9585834664,
        "r":0.9619210788,
        "f":0.9602493724
      },
      "MEASUREMENT":{
        "p":0.9380126395,
        "r":0.9486639015,
        "f":0.9433082046
      }
    },
    "tok2vec_loss":437.1107776295,
    "ner_loss":1739.75640348
  }
}