{
  "lang":"en",
  "name":"pipeline",
  "version":"0.0.0",
  "spacy_version":">=3.8.4,<3.9.0",
  "description":"",
  "author":"",
  "email":"",
  "url":"",
  "license":"",
  "spacy_git_version":"85cc763",
  "vectors":{
    "width":0,
    "vectors":0,
    "keys":0,
    "name":null,
    "mode":"default"
  },
  "labels":{
    "tok2vec":[

    ],
    "ner":[
      "ENV_PROCESS",
      "HABITAT",
      "MEASUREMENT",
      "POLLUTANT",
      "TAXONOMY"
    ]
  },
  "pipeline":[
    "tok2vec",
    "ner"
  ],
  "components":[
    "tok2vec",
    "ner"
  ],
  "disabled":[

  ],
  "performance":{
    "ents_f":0.9714314711,
    "ents_p":0.9729564898,
    "ents_r":0.9699112254,
    "ents_per_type":{
      "ENV_PROCESS":{
        "p":0.9821571919,
        "r":0.9802436315,
        "f":0.9811994787
      },
      "HABITAT":{
        "p":0.9860526221,
        "r":0.9887930412,
        "f":0.9874209303
      },
      "TAXONOMY":{
        "p":0.9548837587,
        "r":0.9234433481,
        "f":0.9389004205
      },
      "MEASUREMENT":{
        "p":0.9297774869,
        "r":0.9702246807,
        "f":0.9495705644
      },
      "POLLUTANT":{
        "p":0.9795551872,
        "r":0.9807745505,
        "f":0.9801644896
      }
    },
    "tok2vec_loss":858.4110462862,
    "ner_loss":1042.4766845703
  }
}