{
  "lang":"en",
  "name":"pipeline",
  "version":"0.0.0",
  "spacy_version":">=3.8.4,<3.9.0",
  "description":"",
  "author":"",
  "email":"",
  "url":"",
  "license":"",
  "spacy_git_version":"85cc763",
  "vectors":{
    "width":0,
    "vectors":0,
    "keys":0,
    "name":null,
    "mode":"default"
  },
  "labels":{
    "tok2vec":[

    ],
    "ner":[
      "ENV_PROCESS",
      "HABITAT",
      "MEASUREMENT",
      "POLLUTANT",
      "TAXONOMY"
    ]
  },
  "pipeline":[
    "tok2vec",
    "ner"
  ],
  "components":[
    "tok2vec",
    "ner"
  ],
  "disabled":[

  ],
  "performance":{
    "ents_f":0.8602605892,
    "ents_p":0.8968180791,
    "ents_r":0.8265667912,
    "ents_per_type":{
      "TAXONOMY":{
        "p":0.862037037,
        "r":0.6276187513,
        "f":0.7263833873
      },
      "POLLUTANT":{
        "p":0.8744045369,
        "r":0.795377949,
        "f":0.8330211785
      },
      "HABITAT":{
        "p":0.9400964257,
        "r":0.932993956,
        "f":0.9365317251
      },
      "ENV_PROCESS":{
        "p":0.8951952174,
        "r":0.8937769426,
        "f":0.8944855178
      },
      "MEASUREMENT":{
        "p":0.8184178375,
        "r":0.7287686136,
        "f":0.7709959357
      }
    },
    "tok2vec_loss":2275.9262521446,
    "ner_loss":8088.5488613499
  }
}