{
  "lang":"en",
  "name":"pipeline",
  "version":"0.0.0",
  "spacy_version":">=3.8.4,<3.9.0",
  "description":"",
  "author":"",
  "email":"",
  "url":"",
  "license":"",
  "spacy_git_version":"85cc763",
  "vectors":{
    "width":0,
    "vectors":0,
    "keys":0,
    "name":null,
    "mode":"default"
  },
  "labels":{
    "tok2vec":[

    ],
    "ner":[
      "ENV_PROCESS",
      "HABITAT",
      "MEASUREMENT",
      "POLLUTANT",
      "TAXONOMY"
    ]
  },
  "pipeline":[
    "tok2vec",
    "ner"
  ],
  "components":[
    "tok2vec",
    "ner"
  ],
  "disabled":[

  ],
  "performance":{
    "ents_f":0.9775805527,
    "ents_p":0.9794092177,
    "ents_r":0.9757587035,
    "ents_per_type":{
      "ENV_PROCESS":{
        "p":0.9837193137,
        "r":0.9844937114,
        "f":0.9841063602
      },
      "POLLUTANT":{
        "p":0.9805471542,
        "r":0.9875389408,
        "f":0.9840306281
      },
      "TAXONOMY":{
        "p":0.9706183346,
        "r":0.9392036275,
        "f":0.9546526104
      },
      "HABITAT":{
        "p":0.9908968919,
        "r":0.9890853802,
        "f":0.9899903074
      },
      "MEASUREMENT":{
        "p":0.9425900323,
        "r":0.9770695421,
        "f":0.9595201394
      }
    },
    "tok2vec_loss":907.2604452895,
    "ner_loss":932.0907592773
  }
}