{
  "lang":"en",
  "name":"pipeline",
  "version":"0.0.0",
  "spacy_version":">=3.8.4,<3.9.0",
  "description":"",
  "author":"",
  "email":"",
  "url":"",
  "license":"",
  "spacy_git_version":"85cc763",
  "vectors":{
    "width":0,
    "vectors":0,
    "keys":0,
    "name":null,
    "mode":"default"
  },
  "labels":{
    "tok2vec":[

    ],
    "ner":[
      "ENV_PROCESS",
      "HABITAT",
      "MEASUREMENT",
      "POLLUTANT",
      "TAXONOMY"
    ]
  },
  "pipeline":[
    "tok2vec",
    "ner"
  ],
  "components":[
    "tok2vec",
    "ner"
  ],
  "disabled":[

  ],
  "performance":{
    "ents_f":0.977807318,
    "ents_p":0.9786451991,
    "ents_r":0.9769708703,
    "ents_per_type":{
      "TAXONOMY":{
        "p":0.9586647577,
        "r":0.9374870359,
        "f":0.947957632
      },
      "POLLUTANT":{
        "p":0.9819094786,
        "r":0.9818419424,
        "f":0.9818757093
      },
      "HABITAT":{
        "p":0.9926526202,
        "r":0.9915455461,
        "f":0.9920987743
      },
      "ENV_PROCESS":{
        "p":0.9873436377,
        "r":0.9873254486,
        "f":0.9873345431
      },
      "MEASUREMENT":{
        "p":0.9431425028,
        "r":0.9823893384,
        "f":0.9623659495
      }
    },
    "tok2vec_loss":851.8904785688,
    "ner_loss":919.2345405282
  }
}