{
  "lang":"en",
  "name":"pipeline",
  "version":"0.0.0",
  "spacy_version":">=3.8.2,<3.9.0",
  "description":"",
  "author":"",
  "email":"",
  "url":"",
  "license":"",
  "spacy_git_version":"63f1b53",
  "vectors":{
    "width":0,
    "vectors":0,
    "keys":0,
    "name":null,
    "mode":"default"
  },
  "labels":{
    "tok2vec":[

    ],
    "ner":[
      "ENV_PROCESS",
      "HABITAT",
      "MEASUREMENT",
      "POLLUTANT",
      "TAXONOMY"
    ]
  },
  "pipeline":[
    "tok2vec",
    "ner"
  ],
  "components":[
    "tok2vec",
    "ner"
  ],
  "disabled":[

  ],
  "performance":{
    "ents_f":0.9850040944,
    "ents_p":0.9892231779,
    "ents_r":0.9808208473,
    "ents_per_type":{
      "ENV_PROCESS":{
        "p":0.9950962973,
        "r":0.9934019156,
        "f":0.9942483846
      },
      "POLLUTANT":{
        "p":0.9963010204,
        "r":0.9931341386,
        "f":0.9947150589
      },
      "TAXONOMY":{
        "p":0.9798315603,
        "r":0.9554270895,
        "f":0.9674754493
      },
      "HABITAT":{
        "p":0.9915449654,
        "r":0.9921315743,
        "f":0.9918381831
      },
      "MEASUREMENT":{
        "p":0.983935743,
        "r":0.983935743,
        "f":0.983935743
      }
    },
    "tok2vec_loss":188309.5681066777,
    "ner_loss":446.9027099609
  }
}