{
  "lang":"en",
  "name":"pipeline",
  "version":"0.0.0",
  "spacy_version":">=3.8.4,<3.9.0",
  "description":"",
  "author":"",
  "email":"",
  "url":"",
  "license":"",
  "spacy_git_version":"85cc763",
  "vectors":{
    "width":0,
    "vectors":0,
    "keys":0,
    "name":null,
    "mode":"default"
  },
  "labels":{
    "tok2vec":[

    ],
    "ner":[
      "ENV_PROCESS",
      "HABITAT",
      "MEASUREMENT",
      "POLLUTANT",
      "TAXONOMY"
    ]
  },
  "pipeline":[
    "tok2vec",
    "ner"
  ],
  "components":[
    "tok2vec",
    "ner"
  ],
  "disabled":[

  ],
  "performance":{
    "ents_f":0.9859976129,
    "ents_p":0.9864735772,
    "ents_r":0.9855221077,
    "ents_per_type":{
      "HABITAT":{
        "p":0.9901024185,
        "r":0.9904433922,
        "f":0.990272876
      },
      "MEASUREMENT":{
        "p":0.9864125307,
        "r":0.9784724822,
        "f":0.9824264637
      },
      "ENV_PROCESS":{
        "p":0.9936400153,
        "r":0.9960692201,
        "f":0.9948531348
      },
      "POLLUTANT":{
        "p":0.9943828316,
        "r":0.9950277437,
        "f":0.9947051832
      },
      "TAXONOMY":{
        "p":0.9700162075,
        "r":0.964913025,
        "f":0.9674578867
      }
    },
    "tok2vec_loss":1353.7111975942,
    "ner_loss":499.0014038086
  }
}