{
  "lang":"en",
  "name":"pipeline",
  "version":"0.0.0",
  "spacy_version":">=3.8.4,<3.9.0",
  "description":"",
  "author":"",
  "email":"",
  "url":"",
  "license":"",
  "spacy_git_version":"85cc763",
  "vectors":{
    "width":0,
    "vectors":0,
    "keys":0,
    "name":null,
    "mode":"default"
  },
  "labels":{
    "tok2vec":[

    ],
    "ner":[
      "ENV_PROCESS",
      "HABITAT",
      "MEASUREMENT",
      "POLLUTANT",
      "TAXONOMY"
    ]
  },
  "pipeline":[
    "tok2vec",
    "ner"
  ],
  "components":[
    "tok2vec",
    "ner"
  ],
  "disabled":[

  ],
  "performance":{
    "ents_f":0.9724001916,
    "ents_p":0.9733655218,
    "ents_r":0.9714367742,
    "ents_per_type":{
      "ENV_PROCESS":{
        "p":0.983636829,
        "r":0.9796427466,
        "f":0.981635725
      },
      "HABITAT":{
        "p":0.9862476149,
        "r":0.9887749946,
        "f":0.9875096877
      },
      "TAXONOMY":{
        "p":0.9522204387,
        "r":0.9316093909,
        "f":0.9418021617
      },
      "MEASUREMENT":{
        "p":0.9348339677,
        "r":0.9728197774,
        "f":0.9534486798
      },
      "POLLUTANT":{
        "p":0.9803064975,
        "r":0.9776625173,
        "f":0.9789827222
      }
    },
    "tok2vec_loss":703.7714509307,
    "ner_loss":1114.7312011719
  }
}