{
  "lang":"en",
  "name":"pipeline",
  "version":"0.0.0",
  "spacy_version":">=3.8.4,<3.9.0",
  "description":"",
  "author":"",
  "email":"",
  "url":"",
  "license":"",
  "spacy_git_version":"85cc763",
  "vectors":{
    "width":0,
    "vectors":0,
    "keys":0,
    "name":null,
    "mode":"default"
  },
  "labels":{
    "tok2vec":[

    ],
    "ner":[
      "ENV_PROCESS",
      "HABITAT",
      "MEASUREMENT",
      "POLLUTANT",
      "TAXONOMY"
    ]
  },
  "pipeline":[
    "tok2vec",
    "ner"
  ],
  "components":[
    "tok2vec",
    "ner"
  ],
  "disabled":[

  ],
  "performance":{
    "ents_f":0.9769723827,
    "ents_p":0.9812430456,
    "ents_r":0.9727387331,
    "ents_per_type":{
      "TAXONOMY":{
        "p":0.9695272787,
        "r":0.9247562746,
        "f":0.9466126999
      },
      "POLLUTANT":{
        "p":0.9805172532,
        "r":0.9830799917,
        "f":0.9817969501
      },
      "HABITAT":{
        "p":0.991629615,
        "r":0.9909339473,
        "f":0.9912816591
      },
      "ENV_PROCESS":{
        "p":0.9898313262,
        "r":0.982701448,
        "f":0.9862535013
      },
      "MEASUREMENT":{
        "p":0.9422425033,
        "r":0.9827973074,
        "f":0.9620927214
      }
    },
    "tok2vec_loss":1018.1072380918,
    "ner_loss":988.9361660621
  }
}