{
  "lang":"en",
  "name":"pipeline",
  "version":"0.0.0",
  "spacy_version":">=3.8.4,<3.9.0",
  "description":"",
  "author":"",
  "email":"",
  "url":"",
  "license":"",
  "spacy_git_version":"85cc763",
  "vectors":{
    "width":0,
    "vectors":0,
    "keys":0,
    "name":null,
    "mode":"default"
  },
  "labels":{
    "tok2vec":[

    ],
    "ner":[
      "ENV_PROCESS",
      "HABITAT",
      "MEASUREMENT",
      "POLLUTANT",
      "TAXONOMY"
    ]
  },
  "pipeline":[
    "tok2vec",
    "ner"
  ],
  "components":[
    "tok2vec",
    "ner"
  ],
  "disabled":[

  ],
  "performance":{
    "ents_f":0.9584144209,
    "ents_p":0.9620420407,
    "ents_r":0.9548140561,
    "ents_per_type":{
      "TAXONOMY":{
        "p":0.9443781398,
        "r":0.8822080481,
        "f":0.9122350765
      },
      "POLLUTANT":{
        "p":0.9776699029,
        "r":0.9696677901,
        "f":0.9736524051
      },
      "HABITAT":{
        "p":0.9751054327,
        "r":0.9857173694,
        "f":0.9803826852
      },
      "ENV_PROCESS":{
        "p":0.9658956983,
        "r":0.966287167,
        "f":0.966091393
      },
      "MEASUREMENT":{
        "p":0.9274816594,
        "r":0.9713741756,
        "f":0.9489206244
      }
    },
    "tok2vec_loss":377.6882133507,
    "ner_loss":1782.4470315638
  }
}